bond_code,bond_name,apply_date,apply_code,player_code,amount_per_stock,plan_amount,actual_amount,result_date,open_date,stock_code,stock_name,conver_price,winning_rate,end_date
110038,济川转债,2017/11/13,733566,704566,1.041,8.43亿,8.43亿,2017/11/15,2017/11/29,600566,济川药业,41.04,0.011,2022/11/12
110039,宝信转债,2017/11/17,733845,704845,2.885,16.00亿,16.00亿,2017/11/21,2017/12/5,600845,宝信软件,18.19,0.008,2023/11/16
110040,生益转债,2017/11/24,733183,704183,1.236,18.00亿,18.00亿,2017/11/28,2017/12/11,600183,生益科技,17.34,0.006,2023/11/23
110041,蒙电转债,2017/12/22,733863,704863,0.322,18.75亿,18.75亿,2017/12/25,2018/1/9,600863,内蒙华电,2.95,0.267,2023/12/21
110042,航电转债,2017/12/25,733372,704372,1.364,24.00亿,24.00亿,2017/12/27,2018/1/15,600372,中航电子,14.29,0.197,2023/12/24
110043,无锡转债,2018/1/30,733908,704908,1.623,30.00亿,30.00亿,2018/2/1,2018/3/14,600908,无锡银行,8.9,0.188,2024/1/30
110044,广电转债,2018/6/27,733831,704831,1.322,8.00亿,8.00亿,2018/6/29,2018/7/24,600831,广电网络,6.9,0.414,2024/6/26
110045,海澜转债,2018/7/13,733398,704398,0.667,30.00亿,30.00亿,2018/7/17,2018/7/31,600398,海澜之家,12.02,1.02,2024/7/12
110046,圆通转债,2018/11/20,733233,704233,1.289,36.50亿,36.50亿,2018/11/22,2018/12/18,600233,圆通速递,10.73,0.208,2024/11/19
110047,山鹰转债,2018/11/21,733567,704567,0.503,23.00亿,23.00亿,2018/11/23,2018/12/10,600567,山鹰纸业,3.34,0.497,2024/11/20
110048,福能转债,2018/12/7,733483,704483,1.823,28.30亿,28.30亿,2018/12/11,2018/12/28,600483,福能股份,8.48,0.196,2024/12/6
110049,海尔转债,2018/12/18,733690,704690,0.493,30.07亿,30.07亿,2018/12/20,2019/1/18,600690,海尔智家,14.2,0.039,2024/12/17
110050,佳都转债,2018/12/19,733728,704728,0.54,8.75亿,8.75亿,2018/12/21,2019/1/21,600728,佳都科技,7.89,2.35,2024/12/18
110051,中天转债,2019/2/28,733522,704522,1.293,39.65亿,39.65亿,2019/3/4,2019/3/22,600522,中天科技,10.19,0.02,2025/2/27
110052,贵广转债,2019/3/5,733996,704996,1.534,16.00亿,16.00亿,2019/3/7,2019/3/29,600996,贵广网络,8.04,0.012,2025/3/4
110053,苏银转债,2019/3/14,733919,704919,1.732,200.00亿,200.00亿,2019/3/18,2019/4/3,600919,江苏银行,7.56,0.039,2025/3/13
110054,通威转债,2019/3/18,733438,704438,1.287,50.00亿,50.00亿,2019/3/20,2019/4/10,600438,通威股份,12.28,0.011,2025/3/17
110055,伊力转债,2019/3/15,733197,704197,1.986,8.76亿,8.76亿,2019/3/19,2019/4/4,600197,伊力特,17.25,0.018,2025/3/14
110056,亨通转债,2019/3/19,733487,704487,0.91,17.33亿,17.33亿,2019/3/21,2019/4/16,600487,亨通光电,21.64,0.018,2025/3/18
110057,现代转债,2019/4/1,733420,704420,1.529,16.16亿,16.16亿,2019/4/3,2019/4/30,600420,现代制药,9.99,0.036,2025/3/31
110058,永鼎转债,2019/4/16,733105,704105,0.782,9.80亿,9.80亿,2019/4/18,2019/5/8,600105,永鼎股份,6.35,0.014,2025/4/15
110059,浦发转债,2019/10/28,733000,704000,1.703,500.00亿,500.00亿,2019/10/30,-,600000,浦发银行,15.05,0.302,2025/10/27
110060,天路转债,2019/10/28,733326,704326,1.256,10.87亿,10.87亿,2019/10/30,-,600326,西藏天路,7.24,0.019,2025/10/27
113011,光大转债,2017/3/17,783818,764818,0.753,300.00亿,300.00亿,2017/3/23,2017/4/5,601818,光大银行,4.31,0.5,2023/3/16
113012,骆驼转债,2017/3/24,783311,764311,0.845,7.17亿,7.17亿,2017/3/30,2017/4/13,601311,骆驼股份,16.78,0.158,2023/3/23
113013,国君转债,2017/7/7,783211,764211,0.931,70.00亿,70.00亿,2017/7/13,2017/7/24,601211,国泰君安,20.2,0.081,2023/7/6
113014,林洋转债,2017/10/27,783222,764222,1.7,30.00亿,30.00亿,2017/10/31,2017/11/13,601222,林洋能源,8.8,0.003,2023/10/26
113015,隆基转债,2017/11/2,783012,764012,1.402,28.00亿,28.00亿,2017/11/6,2017/11/20,601012,隆基股份,32.35,0.009,2023/11/1
113016,小康转债,2017/11/6,783127,764127,1.649,15.00亿,15.00亿,2017/11/8,2017/11/21,601127,小康股份,23,0.003,2023/11/5
113017,吉视转债,2017/12/27,783929,764929,0.501,15.60亿,15.60亿,2017/12/29,2018/1/15,601929,吉视传媒,2.98,0.4,2023/12/26
113018,常熟转债,2018/1/19,783128,764128,1.349,30.00亿,30.00亿,2018/1/23,2018/2/6,601128,常熟银行,7.61,0.192,2024/1/19
113019,玲珑转债,2018/3/1,783966,764966,1.666,20.00亿,20.00亿,2018/3/5,2018/3/22,601966,玲珑轮胎,19.1,0.212,2023/2/28
113020,桐昆转债,2018/11/19,783233,764233,2.085,38.00亿,38.00亿,2018/11/21,2018/12/12,601233,桐昆股份,12.51,0.192,2024/11/18
113021,中信转债,2019/3/4,783998,764998,1.174,400.00亿,400.00亿,2019/3/6,2019/3/19,601998,中信银行,7.22,0.018,2025/3/3
113022,浙商转债,2019/3/12,783878,764878,1.049,35.00亿,35.00亿,2019/3/14,2019/3/28,601878,浙商证券,12.46,0.017,2025/3/11
113024,核建转债,2019/4/8,783611,764611,1.141,29.96亿,29.96亿,2019/4/10,2019/4/26,601611,中国核建,9.87,0.02,2025/4/7
113025,明泰转债,2019/4/10,783677,764677,3.117,18.39亿,18.39亿,2019/4/12,2019/5/7,601677,明泰铝业,11.3,0.03,2025/4/9
113026,核能转债,2019/4/15,783985,764985,0.501,78.00亿,78.00亿,2019/4/17,2019/5/8,601985,中国核电,6.2,0.031,2025/4/14
113027,华钰转债,2019/6/14,783020,764020,1.216,6.40亿,6.40亿,2019/6/18,2019/7/10,601020,华钰矿业,10.17,0.072,2025/6/13
113028,环境转债,2019/6/18,783200,764200,2.375,21.70亿,21.70亿,2019/6/20,2019/7/8,601200,上海环境,10.44,0.031,2025/6/17
113502,嘉澳转债,2017/11/10,754822,753822,2.522,1.85亿,1.85亿,2017/11/14,2017/11/27,603822,嘉澳环保,45.48,0.001,2023/11/9
113503,泰晶转债,2017/12/15,754738,753738,1.896,2.15亿,2.15亿,2017/12/19,2018/1/2,603738,泰晶科技,25.41,0.009,2023/12/14
113504,艾华转债,2018/3/2,754989,753989,2.303,6.91亿,6.91亿,2018/3/6,2018/3/23,603989,艾华集团,36.59,0.022,2024/3/1
113505,杭电转债,2018/3/6,754618,753618,1.135,7.80亿,7.80亿,2018/3/8,2018/3/27,603618,杭电股份,7.29,0.084,2024/3/5
113506,鼎信转债,2018/4/16,754421,753421,1.354,6.00亿,6.00亿,2018/4/18,2018/5/14,603421,鼎信通讯,21.65,0.072,2024/4/15
113507,天马转债,2018/4/17,754668,753668,1.027,3.05亿,3.05亿,2018/4/19,2018/5/7,603668,天马科技,7.37,0.03,2024/4/16
113508,新凤转债,2018/4/26,754225,753225,2.554,21.53亿,21.53亿,2018/5/2,2018/5/16,603225,新凤鸣,16.83,0.234,2024/4/25
113509,新泉转债,2018/6/4,754179,753179,1.98,4.50亿,4.50亿,2018/6/6,2018/6/22,603179,新泉股份,18.89,0.031,2024/6/3
113510,再升转债,2018/6/19,754601,753601,0.21,1.14亿,1.14亿,2018/6/21,2018/7/13,603601,再升科技,8.59,0.063,2024/6/18
113511,千禾转债,2018/6/20,754027,753027,1.092,3.56亿,3.56亿,2018/6/22,2018/7/10,603027,千禾味业,18.31,0.143,2024/6/19
113512,景旺转债,2018/7/6,754228,753228,2.397,9.78亿,9.78亿,2018/7/10,2018/7/24,603228,景旺电子,49.85,0.23,2024/7/5
113513,安井转债,2018/7/12,754345,753345,2.314,5.00亿,5.00亿,2018/7/16,2018/7/31,603345,安井食品,35.08,0.115,2024/7/11
113514,威帝转债,2018/7/20,754023,753023,0.555,2.00亿,2.00亿,2018/7/24,2018/8/13,603023,威帝股份,4.85,0.283,2023/7/19
113515,高能转债,2018/7/26,754588,753588,1.268,8.40亿,8.40亿,2018/7/30,2018/8/27,603588,高能环境,9.33,0.337,2024/7/25
113516,苏农转债,2018/8/2,754323,753323,1.726,25.00亿,25.00亿,2018/8/6,2018/8/20,603323,苏农银行,5.67,0.509,2024/8/1
113517,曙光转债,2018/8/6,754019,753019,1.741,11.20亿,11.20亿,2018/8/8,2018/8/23,603019,中科曙光,36.53,1.932,2024/8/6
113518,顾家转债,2018/9/12,754816,753816,2.564,10.97亿,10.97亿,2018/9/14,2018/10/9,603816,顾家家居,36.57,1.248,2024/9/11
113519,长久转债,2018/11/7,754569,753569,1.249,7.00亿,7.00亿,2018/11/9,2018/11/30,603569,长久物流,11.85,0.413,2024/11/6
113520,百合转债,2018/11/8,754313,753313,2.125,5.10亿,5.10亿,2018/11/12,2018/11/26,603313,梦百合,14.28,0.227,2024/11/7
113521,科森转债,2018/11/16,754626,753626,1.467,6.10亿,6.10亿,2018/11/20,2018/12/7,603626,科森科技,8.7,0.329,2024/11/15
113522,旭升转债,2018/11/22,754305,753305,1.048,4.20亿,4.20亿,2018/11/26,2018/12/11,603305,旭升股份,29.6,0.318,2024/11/21
113523,伟明转债,2018/12/10,754568,753568,0.974,6.70亿,6.70亿,2018/12/12,2018/12/26,603568,伟明环保,17.47,0.348,2024/12/9
113524,奇精转债,2018/12/14,754677,753677,1.682,3.30亿,3.30亿,2018/12/18,2019/1/7,603677,奇精机械,14.56,0.574,2024/12/13
113525,台华转债,2018/12/17,754055,753055,0.973,5.33亿,5.33亿,2018/12/19,2019/1/11,603055,台华新材,8.11,0.421,2024/12/16
113526,联泰转债,2019/1/23,754797,753797,1.828,3.90亿,3.90亿,2019/1/25,2019/2/18,603797,联泰环保,8.72,0.146,2025/1/22
113527,维格转债,2019/1/24,754518,753518,4.131,7.46亿,7.46亿,2019/1/28,2019/2/19,603518,锦泓集团,10.52,0.395,2025/1/23
113528,长城转债,2019/3/1,754897,753897,3.553,6.34亿,6.34亿,2019/3/5,2019/3/20,603897,长城科技,24.03,0.038,2025/2/28
113529,绝味转债,2019/3/11,754517,753517,2.439,10.00亿,10.00亿,2019/3/13,2019/4/2,603517,绝味食品,28.51,0.006,2025/3/10
113530,大丰转债,2019/3/27,754081,753081,1.567,6.30亿,6.30亿,2019/3/29,2019/4/18,603081,大丰实业,16.76,0.021,2025/3/26
113531,百姓转债,2019/3/29,754883,753883,1.147,3.27亿,3.27亿,2019/4/2,2019/4/22,603883,老百姓,60.09,0.033,2024/3/28
113532,海环转债,2019/4/2,754817,753817,1.022,4.60亿,4.60亿,2019/4/4,2019/4/24,603817,海峡环保,7.75,0.017,2025/4/1
113533,参林转债,2019/4/3,754233,753233,2.499,10.00亿,10.00亿,2019/4/8,2019/4/24,603233,大参林,36.5,0.055,2025/4/2
113534,鼎胜转债,2019/4/9,754876,753876,2.916,12.54亿,12.54亿,2019/4/11,2019/4/30,603876,鼎胜新材,15.28,0.021,2025/4/8
113535,大业转债,2019/5/9,754278,753278,1.743,5.00亿,5.00亿,2019/5/13,2019/6/3,603278,大业股份,12.56,0.035,2024/5/8
113536,三星转债,2019/5/31,754578,753578,2.139,1.92亿,1.92亿,2019/6/4,2019/6/24,603578,三星新材,19.75,0.03,2025/5/30
113537,文灿转债,2019/6/10,754348,753348,3.636,8.00亿,8.00亿,2019/6/12,2019/7/5,603348,文灿股份,19.93,0.103,2025/6/9
113538,安图转债,2019/6/28,754658,753658,1.626,6.83亿,6.83亿,2019/7/2,2019/7/22,603658,安图生物,64.11,0.035,2025/6/27
113539,圣达转债,2019/7/3,754079,753079,2.67,2.99亿,2.99亿,2019/7/5,2019/7/26,603079,圣达生物,28.78,0.031,2025/7/2
113540,南威转债,2019/7/15,754636,753636,1.253,6.60亿,6.60亿,2019/7/17,2019/8/5,603636,南威软件,10.13,0.064,2025/7/14
113541,荣晟转债,2019/7/23,754165,753165,1.86,3.30亿,3.30亿,2019/7/25,2019/8/13,603165,荣晟环保,18.72,0.063,2025/7/22
113542,好客转债,2019/8/1,754898,753898,2.034,6.30亿,6.30亿,2019/8/5,2019/8/23,603898,好莱客,16.62,0.056,2025/7/31
113543,欧派转债,2019/8/16,754833,753833,3.557,14.95亿,14.95亿,2019/8/20,2019/9/4,603833,欧派家居,101.46,0.056,2025/8/15
113544,桃李转债,2019/9/20,754866,753866,1.517,10.00亿,10.00亿,2019/9/24,2019/10/15,603866,桃李面包,47.54,0.031,2025/9/19
113545,金能转债,2019/10/14,754113,753113,2.219,15.00亿,15.00亿,2019/10/16,-,603113,金能科技,11.55,0.035,2025/10/13
113546,迪贝转债,2019/10/23,754320,753320,2.299,2.30亿,2.30亿,2019/10/25,-,603320,迪贝电气,18.45,0.015,2025/10/22
113547,索发转债,2019/10/24,754612,753612,2.804,9.45亿,9.45亿,2019/10/28,-,603612,索通发展,10.67,0.023,2025/10/23
113548,石英转债,2019/10/28,754688,753688,1.078,3.60亿,3.60亿,2019/10/30,-,603688,石英股份,15.25,0.018,2025/10/27
123002,国祯转债,2017/11/24,370388,380388,1.953,5.97亿,5.97亿,2017/11/28,2017/12/25,300388,国祯环保,21.04,0.004,2023/11/24
123003,蓝思转债,2017/12/8,370433,380433,1.8335,48.00亿,48.00亿,2017/12/12,2018/1/17,300433,蓝思科技,36.59,0.33,2023/12/8
123004,铁汉转债,2017/12/18,370197,380197,0.7238,11.00亿,11.00亿,2017/12/20,2018/1/26,300197,铁汉生态,12.39,0.059,2023/12/18
123005,万信转债,2017/12/19,370168,380168,0.8728,9.00亿,9.00亿,2017/12/21,2018/1/30,300168,万达信息,13.11,0.081,2023/12/19
123006,东财转债,2017/12/20,370059,380059,1.0842,46.50亿,46.50亿,2017/12/22,2018/1/29,300059,东方财富,13.69,0.404,2023/12/20
123007,道氏转债,2017/12/28,370409,380409,2.2325,4.80亿,4.80亿,2018/1/2,2018/1/26,300409,道氏技术,15.2,0.072,2023/12/28
123008,康泰转债,2018/2/1,370601,380601,0.8453,3.56亿,3.56亿,2018/2/5,2018/3/19,300601,康泰生物,47.01,0.026,2024/2/1
123009,星源转债,2018/3/7,370568,380568,2.5,4.80亿,4.80亿,2018/3/9,2018/4/10,300568,星源材质,27.99,0.041,2024/3/7
123010,博世转债,2018/7/5,370422,380422,1.2084,4.30亿,4.30亿,2018/7/9,2018/8/14,300422,博世科,12.38,0.361,2024/7/5
123011,德尔转债,2018/7/18,370473,380473,5.3822,5.65亿,5.65亿,2018/7/19,2018/8/14,300473,德尔股份,34.66,0.325,2024/7/18
123012,万顺转债,2018/7/20,370057,380057,2.1607,9.50亿,9.50亿,2018/7/24,2018/8/29,300057,万顺新材,5.36,1.725,2024/7/20
123013,横河转债,2018/7/26,370539,380539,0.6698,1.40亿,1.40亿,2018/7/30,2018/8/20,300539,横河模具,9.22,0.15,2024/7/26
123014,凯发转债,2018/7/27,370407,380407,1.2659,3.50亿,3.50亿,2018/7/31,2018/8/21,300407,凯发电气,8.14,0.454,2023/7/27
123015,蓝盾转债,2018/8/13,370297,380297,0.4578,5.38亿,5.38亿,2018/8/15,2018/9/13,300297,蓝盾股份,5.79,1.272,2024/8/13
123016,洲明转债,2018/11/7,370232,380232,0.7199,5.48亿,5.48亿,2018/11/9,2018/12/3,300232,洲明科技,7.82,0.306,2024/11/7
123017,寒锐转债,2018/11/20,370618,380618,2.2916,4.40亿,4.40亿,2018/11/22,2018/12/24,300618,寒锐钴业,57.49,0.372,2024/11/20
123018,溢利转债,2018/12/20,370381,380381,1.6348,6.65亿,6.65亿,2018/12/24,2019/1/23,300381,溢多利,8.35,2.348,2024/12/20
123019,中来转债,2019/2/25,370393,380393,4.1494,10.00亿,10.00亿,2019/2/27,2019/3/22,300393,中来股份,13.29,0.061,2025/2/25
123020,富祥转债,2019/3/1,370497,380497,1.8709,4.20亿,4.20亿,2019/3/5,2019/3/29,300497,富祥股份,14.93,0.041,2025/3/1
123021,万信转2,2019/3/4,370168,380168,1.094,12.00亿,12.00亿,2019/3/6,2019/3/25,300168,万达信息,13.6,0.017,2025/3/3
123022,长信转债,2019/3/18,370088,380088,0.535,12.30亿,12.30亿,2019/3/20,2019/4/10,300088,长信科技,6.25,0.011,2025/3/18
123023,迪森转债,2019/3/20,370335,380335,1.6532,6.00亿,6.00亿,2019/3/22,2019/4/16,300335,迪森股份,7.19,0.022,2025/3/20
123024,岱勒转债,2019/3/21,370700,380700,2.5485,2.10亿,2.10亿,2019/3/25,2019/4/17,300700,岱勒新材,24.9,0.016,2024/3/21
123025,精测转债,2019/3/29,370567,380567,2.2919,3.75亿,3.75亿,2019/4/2,2019/4/19,300567,精测电子,50.25,0.021,2025/3/29
123026,中环转债,2019/6/10,370692,380692,1.8124,2.90亿,2.90亿,2019/6/12,2019/7/1,300692,中环环保,12.31,0.054,2024/6/9
123027,蓝晓转债,2019/6/11,370487,380487,1.6461,3.40亿,3.40亿,2019/6/13,2019/7/4,300487,蓝晓科技,29.58,0.022,2025/6/10
123028,清水转债,2019/6/19,370437,380437,2.2443,4.90亿,4.90亿,2019/6/21,2019/7/15,300437,清水源,11.95,0.086,2025/6/18
123029,英科转债,2019/8/16,370677,380677,2.3687,4.70亿,4.70亿,2019/8/20,2019/9/10,300677,英科医疗,16.25,0.04,2025/8/15
123030,九洲转债,2019/8/20,370040,380040,0.8978,3.08亿,3.08亿,2019/8/22,2019/9/12,300040,九洲电气,5.7,0.041,2025/8/19
123031,晶瑞转债,2019/8/29,370655,380655,1.2217,1.85亿,1.85亿,2019/9/2,2019/9/26,300655,晶瑞股份,18.38,0.045,2025/8/28
123032,万里转债,2019/10/11,370591,380591,0.5778,1.80亿,1.80亿,2019/10/15,2019/10/31,300591,万里马,6.92,0.025,2025/10/10
123033,金力转债,2019/11/1,370748,380748,1.0521,4.35亿,-,2019/11/5,-,300748,金力永磁,41.2,-,2025/10/31
123034,通光转债,2019/11/4,370265,380265,0.88,2.97亿,-,2019/11/6,-,300265,通光线缆,7.98,-,2025/11/3
127004,模塑转债,2017/6/2,70700,80700,1.1344,8.14亿,8.14亿,2017/6/8,2017/6/26,700,模塑科技,8,0.509,2023/6/1
127005,长证转债,2018/3/12,70783,80783,0.9042,50.00亿,50.00亿,2018/3/14,2018/4/11,783,长江证券,7.6,0.124,2024/3/11
127006,敖东转债,2018/3/13,70623,80623,2.0752,24.13亿,24.13亿,2018/3/15,2018/5/11,623,吉林敖东,21.12,0.124,2024/3/13
127007,湖广转债,2018/6/28,70665,80665,2.7248,17.34亿,17.34亿,2018/7/2,2018/8/1,665,湖北广电,7.92,1.013,2024/6/28
127008,特发转债,2018/11/16,70070,80070,0.6689,4.19亿,4.19亿,2018/11/20,2018/12/25,70,特发信息,5.61,0.168,2023/11/16
127009,冰轮转债,2019/1/14,70811,80811,0.7796,5.09亿,5.09亿,2019/1/16,2019/2/21,811,冰轮环境,5.47,0.141,2025/1/14
127010,平银转债,2019/1/21,70001,80001,1.5142,260.00亿,260.00亿,2019/1/23,2019/2/18,1,平安银行,11.63,0.045,2025/1/21
127011,中鼎转2,2019/3/8,70887,80887,0.9829,12.00亿,12.00亿,2019/3/12,2019/4/4,887,中鼎股份,11.79,0.008,2025/3/8
127012,招路转债,2019/3/22,71965,81965,0.8092,50.00亿,50.00亿,2019/3/26,2019/4/30,1965,招商公路,9.09,0.07,2025/3/21
127013,创维转债,2019/4/15,70810,80810,0.9821,10.40亿,10.40亿,2019/4/17,2019/5/16,810,创维数字,11.49,0.026,2025/4/15
127014,北方转债,2019/10/24,70065,80065,0.7514,5.78亿,5.78亿,2019/10/28,-,65,北方国际,8.84,0.024,2025/10/23
128014,永东转债,2017/4/17,72753,82753,2.2965,3.40亿,3.40亿,2017/4/21,2017/5/12,2753,永东股份,30.77,1.323,2023/4/16
128015,久其转债,2017/6/8,72279,82279,1.1084,7.80亿,7.80亿,2017/6/14,2017/6/27,2279,久其软件,12.97,2.381,2023/6/7
128016,雨虹转债,2017/9/25,72271,82271,2.0865,18.40亿,18.40亿,2017/9/27,2017/10/20,2271,东方雨虹,38.48,0.001,2023/9/25
128017,金禾转债,2017/11/1,72597,82597,1.0633,6.00亿,6.00亿,2017/11/3,2017/11/27,2597,金禾实业,23.92,0.001,2023/11/1
128018,时达转债,2017/11/6,72527,82527,1.423,8.83亿,8.83亿,2017/11/8,2017/12/4,2527,新时达,11.9,0.004,2023/11/6
128019,久立转2,2017/11/8,72318,82318,1.2358,10.40亿,10.40亿,2017/11/10,2017/12/1,2318,久立特材,8.37,0.005,2023/11/8
128020,水晶转债,2017/11/17,72273,82273,1.78,11.80亿,11.80亿,2017/11/21,2017/12/12,2273,水晶光电,29.87,0.004,2023/11/16
128021,兄弟转债,2017/11/28,72562,82562,1.2929,7.00亿,7.00亿,2017/11/30,2017/12/27,2562,兄弟科技,18.17,0.001,2023/11/28
128022,众信转债,2017/12/1,72707,82707,0.8359,7.00亿,7.00亿,2017/12/5,2017/12/28,2707,众信旅游,11.12,0.003,2023/12/1
128023,亚太转债,2017/12/4,72284,82284,1.3558,10.00亿,10.00亿,2017/12/6,2017/12/26,2284,亚太股份,10.44,0.025,2023/12/4
128024,宁行转债,2017/12/5,72142,82142,1.9724,100.00亿,100.00亿,2017/12/7,2018/1/12,2142,宁波银行,18.45,0.052,2023/12/5
128025,特一转债,2017/12/6,72728,82728,1.77,3.54亿,3.54亿,2017/12/8,2017/12/28,2728,特一药业,19.7,0.005,2023/12/6
128026,众兴转债,2017/12/13,72772,82772,2.4643,9.20亿,9.20亿,2017/12/15,2018/1/3,2772,众兴菌业,11.74,0.056,2023/12/13
128027,崇达转债,2017/12/15,72815,82815,1.9512,8.00亿,8.00亿,2017/12/19,2018/1/22,2815,崇达技术,30.93,0.019,2023/12/15
128028,赣锋转债,2017/12/21,72460,82460,1.2731,9.28亿,9.28亿,2017/12/25,2018/1/19,2460,赣锋锂业,71.89,0.061,2023/12/21
128029,太阳转债,2017/12/22,72078,82078,0.4628,12.00亿,12.00亿,2017/12/26,2018/1/16,2078,太阳纸业,8.85,0.043,2022/12/22
128030,天康转债,2017/12/22,72100,82100,1.038,10.00亿,10.00亿,2017/12/26,2018/1/29,2100,天康生物,8.15,0.062,2023/12/22
128032,双环转债,2017/12/25,72472,82472,1.4626,10.00亿,10.00亿,2017/12/27,2018/1/25,2472,双环传动,10.07,0.082,2023/12/25
128033,迪龙转债,2017/12/27,72658,82658,0.8596,5.20亿,5.20亿,2017/12/29,2018/1/29,2658,雪迪龙,13.35,0.039,2023/12/27
128034,江银转债,2018/1/26,72807,82807,1.1316,20.00亿,20.00亿,2018/1/30,2018/2/14,2807,江阴银行,7.02,0.139,2024/1/26
128035,大族转债,2018/2/6,72008,82008,2.1554,23.00亿,23.00亿,2018/2/8,2018/3/5,2008,大族激光,52.7,0.196,2024/2/6
128036,金农转债,2018/3/9,72548,82548,1.7081,6.50亿,6.50亿,2018/3/13,2018/4/2,2548,金新农,9.72,0.05,2024/3/9
128037,岩土转债,2018/3/15,72542,82542,0.3333,6.04亿,6.04亿,2018/3/19,2018/4/25,2542,中化岩土,8.05,0.09,2024/3/15
128038,利欧转债,2018/3/22,72131,82131,0.3932,21.98亿,21.98亿,2018/3/26,2018/4/19,2131,利欧股份,2.76,0.27,2024/3/22
128039,三力转债,2018/6/8,72224,82224,0.9421,6.20亿,6.20亿,2018/6/12,2018/6/29,2224,三力士,5.83,0.133,2024/6/7
128040,华通转债,2018/6/14,72758,82758,1.0666,2.24亿,2.24亿,2018/6/19,2018/7/13,2758,华通医药,11.37,0.043,2024/6/13
128041,盛路转债,2018/7/17,72446,82446,1.3121,10.00亿,10.00亿,2018/7/19,2018/8/14,2446,盛路通信,6.85,0.609,2024/7/16
128042,凯中转债,2018/7/30,72823,82823,1.4274,4.16亿,4.16亿,2018/8/1,2018/9/3,2823,凯中精密,12.99,0.198,2024/7/30
128043,东音转债,2018/8/2,72793,82793,1.4066,2.81亿,2.81亿,2018/8/6,2018/8/27,2793,东音股份,11.13,0.213,2024/8/2
128044,岭南转债,2018/8/14,72717,82717,0.6542,6.60亿,6.60亿,2018/8/16,2018/9/4,2717,岭南股份,5.92,0.872,2024/8/14
128045,机电转债,2018/8/27,72013,82013,0.5819,21.00亿,21.00亿,2018/8/29,2018/9/14,2013,中航机电,7.63,0.119,2024/8/27
128046,利尔转债,2018/10/17,72258,82258,1.6247,8.52亿,8.52亿,2018/10/19,2018/11/9,2258,利尔化学,18.62,0.184,2024/10/17
128047,光电转债,2018/11/5,72179,82179,1.6436,13.00亿,13.00亿,2018/11/7,2018/12/7,2179,中航光电,30.87,0.072,2024/11/5
128048,张行转债,2018/11/12,72839,82839,1.3831,25.00亿,25.00亿,2018/11/14,2018/11/29,2839,张家港行,5.91,0.357,2024/11/12
128049,华源转债,2018/11/27,72787,82787,1.3052,4.00亿,4.00亿,2018/11/29,2018/12/20,2787,华源控股,7.52,0.952,2024/11/27
128050,钧达转债,2018/12/10,72865,82865,2.6298,3.20亿,3.20亿,2018/12/12,2018/12/27,2865,钧达股份,21.66,0.856,2024/12/10
128051,光华转债,2018/12/14,72741,82741,0.6661,2.49亿,2.49亿,2018/12/18,2019/1/9,2741,光华科技,12.72,0.437,2024/12/14
128052,凯龙转债,2018/12/21,72783,82783,0.9849,3.29亿,3.29亿,2018/12/25,2019/1/21,2783,凯龙股份,6.77,1.442,2024/12/21
128053,尚荣转债,2019/2/14,72551,82551,1.0624,7.50亿,7.50亿,2019/2/18,2019/3/7,2551,尚荣医疗,4.89,0.52,2025/2/14
128054,中宠转债,2019/2/15,72891,82891,1.9424,1.94亿,1.94亿,2019/2/19,2019/3/14,2891,中宠股份,22.28,0.128,2025/2/15
128055,长青转2,2019/2/27,72391,82391,2.5419,9.14亿,9.14亿,2019/3/1,2019/4/3,2391,长青股份,7.41,0.027,2025/2/27
128056,今飞转债,2019/2/28,72863,82863,0.9772,3.68亿,3.68亿,2019/3/4,2019/3/22,2863,今飞凯达,6.78,0.082,2025/2/28
128057,博彦转债,2019/3/5,72649,82649,1.0957,5.76亿,5.76亿,2019/3/7,2019/4/2,2649,博彦科技,8.81,0.051,2025/3/5
128058,拓邦转债,2019/3/7,72139,82139,0.5651,5.73亿,5.73亿,2019/3/11,2019/4/8,2139,拓邦股份,5.54,0.062,2025/3/7
128059,视源转债,2019/3/11,72841,82841,1.436,9.42亿,9.42亿,2019/3/13,2019/4/2,2841,视源股份,75.72,0.02,2025/3/11
128060,中装转债,2019/3/26,72822,82822,0.875,5.25亿,5.25亿,2019/3/28,2019/4/15,2822,中装建设,6.19,0.051,2025/3/26
128061,启明转债,2019/3/27,72439,82439,1.1682,10.45亿,10.45亿,2019/3/29,2019/4/24,2439,启明星辰,28.29,0.014,2025/3/27
128062,亚药转债,2019/4/2,72370,82370,1.7987,9.65亿,9.65亿,2019/4/4,2019/4/24,2370,亚太药业,16.25,0.029,2025/4/2
128063,未来转债,2019/4/3,72631,82631,0.9433,6.30亿,6.30亿,2019/4/8,2019/4/24,2631,德尔未来,8.67,0.015,2025/4/3
128064,司尔转债,2019/4/8,72538,82538,1.114,8.00亿,8.00亿,2019/4/10,2019/5/7,2538,司尔特,6.15,0.02,2025/4/8
128065,雅化转债,2019/4/16,72497,82497,0.8443,8.00亿,8.00亿,2019/4/18,2019/5/10,2497,雅化集团,8.96,0.063,2025/4/16
128066,亚泰转债,2019/4/17,72811,82811,2.6666,4.80亿,4.80亿,2019/4/19,2019/5/14,2811,亚泰国际,14.8,0.009,2025/4/17
128067,一心转债,2019/4/19,72727,82727,1.0614,6.03亿,6.03亿,2019/4/23,2019/5/17,2727,一心堂,27.28,0.009,2025/4/19
128068,和而转债,2019/6/4,72402,82402,0.6394,5.47亿,5.47亿,2019/6/6,2019/7/1,2402,和而泰,9.09,0.083,2025/6/4
128069,华森转债,2019/6/24,72907,82907,0.7498,3.00亿,3.00亿,2019/6/26,2019/7/11,2907,华森制药,18.08,0.019,2025/6/24
128070,智能转债,2019/7/2,72877,82877,0.6917,2.30亿,2.30亿,2019/7/4,2019/7/23,2877,智能自控,9.55,0.025,2025/7/2
128071,合兴转债,2019/8/16,72228,82228,0.5093,5.96亿,5.96亿,2019/8/20,2019/9/16,2228,合兴包装,4.38,0.086,2025/8/16
128072,翔鹭转债,2019/8/20,72842,82842,1.0994,3.02亿,3.02亿,2019/8/22,2019/9/16,2842,翔鹭钨业,15.36,0.031,2025/8/19
128073,哈尔转债,2019/8/22,72615,82615,0.7309,3.00亿,3.00亿,2019/8/26,2019/9/11,2615,哈尔斯,5.8,0.038,2024/8/22
128074,游族转债,2019/9/23,72174,82174,1.2943,11.50亿,11.50亿,2019/9/25,2019/10/21,2174,游族网络,17.06,0.093,2025/9/23
128075,远东转债,2019/9/23,72406,82406,1.593,8.94亿,8.94亿,2019/9/25,2019/10/31,2406,远东传动,5.79,0.016,2025/9/23
128076,金轮转债,2019/10/14,72722,82722,1.2196,2.14亿,2.14亿,2019/10/16,-,2722,金轮股份,14.96,0.016,2025/10/14
128077,华夏转债,2019/10/16,72928,82928,1.315,7.90亿,7.90亿,2019/10/18,-,2928,华夏航空,10.52,0.02,2025/10/16
128078,太极转债,2019/10/21,72368,82368,2.4226,10.00亿,10.00亿,2019/10/23,-,2368,太极股份,31.61,0.043,2025/10/21
128079,英联转债,2019/10/21,72846,82846,1.1,2.14亿,2.14亿,2019/10/23,-,2846,英联股份,13.54,0.015,2025/10/21
